<?xml version="1.0" encoding="utf-8"?>
<widget xmlns="http://openajax.org/metadata" spec="1.0" id="tag:adobe.com,2012-03:edge:oam:compid:EDGE-14713063" name="new.oam" version="1">

  <description type="text/html"><![CDATA[Widget Exported from Adobe Edge]]></description>
  <category name="Adobe Edge Animation"/>

  <remarks>Compatible with: InDesign CS6, Dreamweaver</remarks>

  <icon src="transparent.png" width="640" height="480" />

  <require type="other" src="new.oam.html" />

  <require type="javascript" src="new.oam_edge.js" />
  <require type="javascript" src="new.oam_edgeActions.js" />
  <require type="javascript" src="new.oam_edgePreload.js" />

  <require type="image" src="transparent.png" />
  <require type="image" src="images/hospital-logo (6) [Max Width 640 Max Height 480].jpg" />
  <require type="image" src="images/hospital-logo (6) [Max Width 640 Max Height 480]2.jpg" />
  <require type="image" src="images/medical-store-logo [Max Width 640 Max Height 480].jpg" />
  <require type="image" src="images/red-cross-flag [Max Width 640 Max Height 480].jpg" />
  <require type="image" src="images/red-cross-flag [Max Width 640 Max Height 480]2.jpg" />

  <require type="folder" src="images" />


  <content><![CDATA[
    <div class="EDGE-14713063"></div>
  ]]></content>
   
  <properties name="Properties">
    <property name="default-width" defaultValue="640" hidden="true"/>
    <property name="default-height" defaultValue="480" hidden="true"/>
    <property name="resizable" defaultValue="false" hidden="true"/>
    <property name="use-chrome-frame" defaultValue="false" hidden="true"/>
    <property name="chrome-frame-installer" defaultValue="" hidden="true"/>				
		<property name="centering" defaultValue="none" hidden="true"/>				
		<property name="scaling" defaultValue="none" hidden="true"/>
    <property name="html-page" defaultValue="new.oam.html" hidden="true"/>
  </properties>

</widget>
