<?xml version="1.0" encoding="utf-8" ?>
<dwsync>
<file name="1135996.gif" server="D:/xaamp" local="130476245360000000" remote="130476245360000000" Dst="0" />
<file name="doctor_2605594b.jpg" server="D:/xaamp" local="130476246280000000" remote="130476246280000000" Dst="0" />
<file name="down-arrow-icon [Max Width 320 Max Height 240].jpg" server="D:/xaamp" local="130476246300000000" remote="130476246300000000" Dst="0" />
<file name="emergency-hospital-building-17898688.jpg" server="D:/xaamp" local="130476246320000000" remote="130476246320000000" Dst="0" />
<file name="We-care-about-YOU.jpg" server="D:/xaamp" local="130476248700000000" remote="130476248700000000" Dst="0" />
<file name="1135996.gif" server="C:/xampp/htdocs" local="130476245360000000" remote="130476245360000000" Dst="0" />
<file name="emergency-hospital-building-17898688.jpg" server="C:/xampp/htdocs" local="130476246320000000" remote="130476246320000000" Dst="0" />
<file name="We-care-about-YOU (2).jpg" server="C:/xampp/htdocs" local="130476248700000000" remote="130476248700000000" Dst="0" />
<file name="down-arrow-icon [Max Width 320 Max Height 240].jpg" server="C:/xampp/htdocs" local="130476246300000000" remote="130476246300000000" Dst="0" />
<file name="1135996.gif" server="C:/Users/aa/Documents/dreamweaver/Unnamed Site 2" local="130476245360000000" remote="130476245360000000" Dst="0" />
<file name="emergency-hospital-building-17898688.jpg" server="C:/Users/aa/Documents/dreamweaver/Unnamed Site 2" local="130476246320000000" remote="130476246320000000" Dst="0" />
<file name="We-care-about-YOU (2).jpg" server="C:/Users/aa/Documents/dreamweaver/Unnamed Site 2" local="130476248700000000" remote="130476248700000000" Dst="0" />
<file name="down-arrow-icon [Max Width 320 Max Height 240].jpg" server="C:/Users/aa/Documents/dreamweaver/Unnamed Site 2" local="130476246300000000" remote="130476246300000000" Dst="0" />
<file name="1135996.gif" server="D:/xaamp/htdocs" local="130476245360000000" remote="130476245360000000" Dst="0" />
<file name="emergency-hospital-building-17898688.jpg" server="D:/xaamp/htdocs" local="130476246320000000" remote="130476246320000000" Dst="0" />
<file name="We-care-about-YOU (2).jpg" server="D:/xaamp/htdocs" local="130476248700000000" remote="130476248700000000" Dst="0" />
<file name="down-arrow-icon [Max Width 320 Max Height 240].jpg" server="D:/xaamp/htdocs" local="130476246300000000" remote="130476246300000000" Dst="0" />
<file name="1135996.gif" server="C:/xampp/mysql/data" local="130476245360000000" remote="130476245360000000" Dst="0" />
<file name="emergency-hospital-building-17898688.jpg" server="C:/xampp/mysql/data" local="130476246320000000" remote="130476246320000000" Dst="0" />
<file name="We-care-about-YOU (2).jpg" server="C:/xampp/mysql/data" local="130476248700000000" remote="130476248700000000" Dst="0" />
<file name="down-arrow-icon [Max Width 320 Max Height 240].jpg" server="C:/xampp/mysql/data" local="130476246300000000" remote="130476246300000000" Dst="0" />
<file name="1135996.gif" server="C:/xamppnew/htdocs" local="130476245360000000" remote="130476245360000000" Dst="0" />
<file name="emergency-hospital-building-17898688.jpg" server="C:/xamppnew/htdocs" local="130476246320000000" remote="130476246320000000" Dst="0" />
<file name="We-care-about-YOU (2).jpg" server="C:/xamppnew/htdocs" local="130476248700000000" remote="130476248700000000" Dst="0" />
<file name="down-arrow-icon [Max Width 320 Max Height 240].jpg" server="C:/xamppnew/htdocs" local="130476246300000000" remote="130476246300000000" Dst="0" />
<file name="1135996.gif" server="C:/xamppnew/htdocs/" local="130476245360000000" remote="130476245360000000" Dst="0" />
<file name="We-care-about-YOU.jpg" server="C:/xamppnew/htdocs/" local="130476248700000000" remote="130476248700000000" Dst="0" />
<file name="doctor_2605594b.jpg" server="C:/xamppnew/htdocs/" local="130476246280000000" remote="130476246280000000" Dst="0" />
<file name="down-arrow-icon [Max Width 320 Max Height 240].jpg" server="C:/xamppnew/htdocs/" local="130476246300000000" remote="130476246300000000" Dst="0" />
<file name="emergency-hospital-building-17898688.jpg" server="C:/xamppnew/htdocs/" local="130476246320000000" remote="130476246320000000" Dst="0" />
<file name="We-care-about-YOU (2).jpg" server="C:/xamppnew/htdocs/" local="130476248700000000" remote="130476248700000000" Dst="0" />
</dwsync>