<?xml version="1.0" encoding="utf-8"?>
<widget xmlns="http://openajax.org/metadata" spec="1.0" id="tag:adobe.com,2012-03:edge:oam:compid:EDGE-25816401" name="upper part" version="1">

  <description type="text/html"><![CDATA[Widget Exported from Adobe Edge]]></description>
  <category name="Adobe Edge Animation"/>

  <remarks>Compatible with: InDesign CS6, Dreamweaver</remarks>

  <icon src="images/icon.png" width="320" height="240" />

  <require type="other" src="upper part.html" />
  <require type="other" src="images/hospital-logo (6) [Max Width 176 Max Height 144].gif" />

  <require type="javascript" src="upper part_edge.js" />
  <require type="javascript" src="upper part_edgeActions.js" />
  <require type="javascript" src="upper part_edgePreload.js" />

  <require type="image" src="images/hospital management [Max Width 320 Max Height 240].jpg" />
  <require type="image" src="images/hospital [Max Width 320 Max Height 240].jpg" />
  <require type="image" src="images/hospital-logo (6) [Max Width 320 Max Height 240].jpg" />
  <require type="image" src="images/hospital-logo (6) [Max Width 640 Max Height 480].jpg" />
  <require type="image" src="images/hospital-logo (6) [Max Width 640 Max Height 480]2.jpg" />
  <require type="image" src="images/hospital-mangement1 [Max Width 320 Max Height 240].jpg" />
  <require type="image" src="images/icon.png" />
  <require type="image" src="images/medical-store-logo [Max Width 640 Max Height 480].jpg" />
  <require type="image" src="images/patient portal [Max Width 320 Max Height 240].jpg" />
  <require type="image" src="images/Poster.png" />
  <require type="image" src="images/red-cross-flag [Max Width 640 Max Height 480].jpg" />
  <require type="image" src="images/red-cross-flag [Max Width 640 Max Height 480]2.jpg" />

  <require type="folder" src="images" />


  <content><![CDATA[
    <div class="EDGE-25816401"></div>
  ]]></content>
   
  <properties name="Properties">
    <property name="default-width" defaultValue="320" hidden="true"/>
    <property name="default-height" defaultValue="240" hidden="true"/>
    <property name="resizable" defaultValue="false" hidden="true"/>
    <property name="use-chrome-frame" defaultValue="false" hidden="true"/>
    <property name="chrome-frame-installer" defaultValue="" hidden="true"/>				
		<property name="centering" defaultValue="none" hidden="true"/>				
		<property name="scaling" defaultValue="none" hidden="true"/>
    <property name="html-page" defaultValue="upper part.html" hidden="true"/>
  </properties>

</widget>
