<?xml version="1.0" encoding="utf-8" ?>
<dwsync>
<file name="upper part_edgePreload.js" server="D:/xaamp" local="130476245260000000" remote="130476245260000000" Dst="0" />
<file name="upper part.html" server="D:/xaamp" local="130476245180000000" remote="130476245180000000" Dst="0" />
<file name="upper part_edgePreload.js" server="C:/xampp/htdocs" local="130476245260000000" remote="130476245260000000" Dst="0" />
<file name="upper part.html" server="C:/xampp/htdocs" local="130476245180000000" remote="130476245180000000" Dst="0" />
<file name="upper part_edgePreload.js" server="C:/Users/aa/Documents/dreamweaver/Unnamed Site 2" local="130476245260000000" remote="130476245260000000" Dst="0" />
<file name="upper part.html" server="C:/Users/aa/Documents/dreamweaver/Unnamed Site 2" local="130476245180000000" remote="130476245180000000" Dst="0" />
<file name="upper part_edgePreload.js" server="D:/xaamp/htdocs" local="130476245260000000" remote="130476245260000000" Dst="0" />
<file name="upper part.html" server="D:/xaamp/htdocs" local="130476245180000000" remote="130476245180000000" Dst="0" />
<file name="upper part_edgePreload.js" server="C:/xampp/mysql/data" local="130476245260000000" remote="130476245260000000" Dst="0" />
<file name="upper part.html" server="C:/xampp/mysql/data" local="130476245180000000" remote="130476245180000000" Dst="0" />
<file name="upper part_edgePreload.js" server="C:/xamppnew/htdocs" local="130476245260000000" remote="130476245260000000" Dst="0" />
<file name="upper part.html" server="C:/xamppnew/htdocs" local="130476245180000000" remote="130476245180000000" Dst="0" />
<file name="upper part_edgePreload.js" server="C:/xamppnew/htdocs/" local="130476245260000000" remote="130476245260000000" Dst="0" />
<file name="upper part.html" server="C:/xamppnew/htdocs/" local="130476245180000000" remote="130476245180000000" Dst="0" />
</dwsync>